id,carat,color,cut,clarity,price
0,0.23,D,Ideal,FL,871
1,0.23,D,Ideal,FL,861
2,0.23,D,Ideal,FL,866
3,0.23,D,Ideal,FL,835
4,0.23,D,Ideal,FL,835
5,0.23,D,Ideal,FL,761
6,0.23,D,Ideal,FL,861
7,0.23,D,Ideal,FL,761
8,0.23,D,Ideal,FL,861
9,0.23,D,Ideal,FL,761
10,0.23,D,Ideal,FL,761
11,0.23,D,Ideal,FL,749
12,0.23,D,Ideal,FL,749
13,0.23,D,Ideal,IF,593
14,0.23,D,Ideal,IF,578
15,0.23,D,Ideal,IF,541
16,0.23,D,Ideal,IF,588
17,0.23,D,Ideal,IF,578
18,0.23,D,Ideal,IF,637
19,0.23,D,Ideal,IF,598
20,0.23,D,Ideal,IF,651
21,0.23,D,Ideal,IF,651
22,0.23,D,Ideal,IF,615
23,0.23,D,Ideal,IF,606
24,0.23,D,Ideal,IF,745
25,0.23,D,Ideal,IF,609
26,0.23,D,Ideal,IF,603
27,0.23,D,Ideal,IF,611
28,0.23,D,Ideal,IF,642
29,0.23,D,Ideal,IF,689
30,0.23,D,Ideal,IF,615
31,0.23,D,Ideal,IF,621
32,0.23,D,Ideal,IF,626
33,0.23,D,Ideal,IF,679
34,0.23,D,Ideal,IF,657
35,0.23,D,Ideal,IF,615
36,0.23,D,Ideal,IF,627
37,0.23,D,Ideal,IF,601
38,0.23,D,Ideal,IF,547
39,0.23,D,Ideal,IF,651
40,0.23,D,Ideal,IF,584
41,0.23,D,Ideal,IF,696
42,0.23,D,Ideal,IF,679
43,0.23,D,Ideal,IF,615
44,0.23,D,Ideal,IF,657
45,0.23,D,Ideal,IF,657
46,0.23,D,Ideal,IF,722
47,0.23,D,Ideal,IF,679
48,0.23,D,Ideal,IF,679
49,0.23,D,Ideal,IF,615
50,0.23,D,Ideal,IF,689
51,0.23,D,Ideal,IF,615
52,0.23,D,Ideal,IF,604
53,0.23,D,Ideal,IF,630
54,0.23,D,Ideal,IF,598
55,0.23,D,Ideal,IF,635
56,0.23,D,Ideal,IF,630
57,0.23,D,Ideal,IF,630
58,0.23,D,Ideal,IF,536
59,0.23,D,Ideal,IF,573
60,0.23,D,Ideal,IF,598
61,0.23,D,Ideal,IF,573
62,0.23,D,Very Good,IF,559
63,0.23,D,Very Good,IF,600
64,0.23,D,Very Good,IF,611
65,0.23,D,Very Good,IF,695
66,0.23,D,Very Good,IF,695
67,0.23,E,Ideal,IF,516
68,0.23,E,Ideal,IF,516
69,0.23,E,Ideal,IF,516
70,0.23,E,Ideal,IF,516
71,0.23,E,Ideal,IF,516
72,0.23,E,Ideal,IF,516
73,0.23,E,Ideal,IF,516
74,0.23,E,Ideal,IF,609
75,0.23,E,Ideal,IF,455
76,0.23,E,Ideal,IF,491
77,0.23,E,Ideal,IF,512
78,0.23,E,Ideal,IF,574
79,0.23,E,Ideal,IF,569
80,0.23,E,Ideal,IF,595
81,0.23,E,Ideal,IF,495
82,0.23,E,Ideal,IF,566
83,0.23,E,Ideal,IF,595
84,0.23,E,Ideal,IF,518
85,0.23,E,Ideal,IF,499
86,0.23,E,Ideal,IF,569
87,0.23,E,Ideal,IF,547
88,0.23,E,Ideal,IF,492
89,0.23,E,Ideal,IF,548
90,0.23,E,Ideal,IF,545
91,0.23,E,Ideal,IF,477
92,0.23,E,Ideal,IF,478
93,0.23,E,Ideal,IF,540
94,0.23,E,Ideal,IF,572
95,0.23,E,Ideal,IF,477
96,0.23,E,Ideal,IF,583
97,0.23,E,Ideal,IF,477
98,0.23,E,Ideal,IF,558
99,0.23,F,Ideal,IF,536
100,0.23,F,Ideal,IF,541
101,0.23,F,Ideal,IF,467
102,0.23,F,Ideal,IF,547
103,0.23,F,Ideal,IF,567
104,0.23,F,Ideal,IF,542
105,0.23,F,Ideal,IF,544
106,0.23,F,Ideal,IF,558
107,0.23,F,Ideal,IF,542
108,0.23,F,Ideal,IF,521
109,0.23,F,Ideal,IF,495
110,0.23,F,Ideal,IF,571
111,0.23,F,Ideal,IF,595
112,0.23,F,Ideal,IF,558
113,0.23,F,Ideal,IF,529
114,0.23,F,Ideal,IF,564
115,0.23,F,Ideal,IF,567
116,0.23,F,Ideal,IF,578
117,0.23,F,Ideal,IF,539
118,0.23,F,Ideal,IF,469
119,0.23,F,Ideal,IF,542
120,0.23,F,Ideal,IF,483
121,0.23,F,Ideal,IF,572
122,0.23,F,Ideal,IF,631
123,0.23,F,Ideal,IF,615
124,0.23,F,Ideal,IF,493
125,0.23,F,Ideal,IF,567
126,0.23,F,Ideal,IF,515
127,0.23,F,Ideal,IF,542
128,0.23,F,Ideal,IF,467
129,0.23,F,Ideal,IF,504
130,0.23,F,Very Good,IF,501
131,0.23,F,Very Good,IF,554
132,0.23,F,Very Good,IF,472
133,0.23,F,Very Good,IF,527
134,0.23,G,Astor Ideal,IF,612
135,0.23,G,Ideal,IF,458
136,0.23,G,Ideal,IF,467
137,0.23,G,Ideal,IF,489
138,0.23,G,Ideal,IF,489
139,0.23,G,Ideal,IF,445
140,0.23,G,Ideal,IF,445
141,0.23,G,Ideal,IF,432
142,0.23,G,Ideal,IF,454
143,0.23,G,Ideal,IF,408
144,0.23,G,Ideal,IF,420
145,0.23,G,Ideal,IF,429
146,0.23,G,Ideal,IF,485
147,0.23,G,Ideal,IF,473
148,0.23,G,Ideal,IF,463
149,0.23,G,Ideal,IF,475
150,0.23,G,Ideal,IF,533
151,0.23,G,Ideal,IF,541
152,0.23,G,Ideal,IF,480
153,0.23,G,Ideal,IF,480
154,0.23,G,Ideal,IF,482
155,0.23,G,Very Good,IF,443
156,0.23,G,Very Good,IF,466
157,0.23,H,Ideal,IF,474
158,0.23,H,Ideal,IF,474
159,0.23,H,Ideal,IF,450
160,0.23,H,Ideal,IF,420
161,0.23,H,Ideal,IF,341
162,0.23,H,Ideal,IF,447
163,0.23,H,Ideal,IF,422
164,0.23,H,Ideal,IF,392
165,0.23,H,Ideal,IF,447
166,0.23,H,Ideal,IF,459
167,0.23,H,Ideal,IF,453
168,0.23,H,Ideal,IF,428
169,0.23,H,Ideal,IF,423
170,0.23,H,Ideal,IF,410
171,0.23,H,Ideal,IF,395
172,0.23,H,Ideal,IF,422
173,0.23,H,Ideal,IF,459
174,0.23,H,Ideal,IF,463
175,0.23,H,Ideal,IF,466
176,0.23,H,Ideal,IF,475
177,0.23,H,Ideal,IF,477
178,0.23,H,Ideal,IF,470
179,0.23,H,Ideal,IF,463
180,0.23,H,Very Good,IF,417
181,0.23,H,Very Good,IF,441
182,0.23,I,Ideal,IF,416
183,0.23,I,Ideal,IF,406
184,0.23,I,Ideal,IF,371
185,0.23,J,Astor Ideal,IF,538
186,0.23,J,Good,IF,408
187,0.23,J,Ideal,IF,420
188,0.23,J,Very Good,IF,410
189,0.23,D,Good,SI1,350
190,0.23,D,Ideal,SI1,339
191,0.23,D,Ideal,SI1,347
192,0.23,D,Ideal,SI1,317
193,0.23,D,Ideal,SI1,334
194,0.23,D,Ideal,SI1,338
195,0.23,D,Ideal,SI1,345
196,0.23,D,Ideal,SI1,350
197,0.23,D,Ideal,SI1,353
198,0.23,D,Ideal,SI1,372
199,0.23,D,Ideal,SI1,377
200,0.23,D,Ideal,SI1,350
201,0.23,D,Ideal,SI1,372
202,0.23,D,Ideal,SI1,384
203,0.23,D,Ideal,SI1,372
204,0.23,D,Ideal,SI1,362
205,0.23,D,Ideal,SI1,375
206,0.23,D,Ideal,SI1,365
207,0.23,D,Very Good,SI1,326
208,0.23,D,Very Good,SI1,307
209,0.23,D,Very Good,SI1,383
210,0.23,D,Very Good,SI1,338
211,0.23,D,Very Good,SI1,323
212,0.23,D,Very Good,SI1,335
213,0.23,D,Very Good,SI1,365
214,0.23,D,Very Good,SI1,414
215,0.23,D,Very Good,SI1,414
216,0.23,D,Very Good,SI1,414
217,0.23,E,Good,SI1,384
218,0.23,E,Good,SI1,355
219,0.23,E,Ideal,SI1,360
220,0.23,E,Ideal,SI1,360
221,0.23,E,Ideal,SI1,358
222,0.23,E,Ideal,SI1,509
223,0.23,E,Ideal,SI1,338
224,0.23,E,Ideal,SI1,332
225,0.23,E,Ideal,SI1,319
226,0.23,E,Ideal,SI1,328
227,0.23,E,Ideal,SI1,332
228,0.23,E,Ideal,SI1,326
229,0.23,E,Ideal,SI1,355
230,0.23,E,Ideal,SI1,321
231,0.23,E,Ideal,SI1,350
232,0.23,E,Ideal,SI1,329
233,0.23,E,Ideal,SI1,355
234,0.23,E,Ideal,SI1,326
235,0.23,E,Ideal,SI1,320
236,0.23,E,Ideal,SI1,321
237,0.23,E,Ideal,SI1,326
238,0.23,E,Ideal,SI1,328
239,0.23,E,Ideal,SI1,458
240,0.23,E,Very Good,SI1,382
241,0.23,E,Very Good,SI1,384
242,0.23,F,Good,SI1,307
243,0.23,F,Good,SI1,371
244,0.23,F,Ideal,SI1,364
245,0.23,F,Ideal,SI1,364
246,0.23,F,Ideal,SI1,380
247,0.23,F,Ideal,SI1,373
248,0.23,F,Ideal,SI1,365
249,0.23,F,Ideal,SI1,313
250,0.23,F,Ideal,SI1,381
251,0.23,F,Ideal,SI1,316
252,0.23,F,Ideal,SI1,326
253,0.23,F,Ideal,SI1,327
254,0.23,F,Ideal,SI1,357
255,0.23,F,Ideal,SI1,436
256,0.23,F,Ideal,SI1,329
257,0.23,F,Ideal,SI1,337
258,0.23,F,Ideal,SI1,377
259,0.23,F,Ideal,SI1,377
260,0.23,F,Ideal,SI1,306
261,0.23,F,Ideal,SI1,307
262,0.23,F,Ideal,SI1,318
263,0.23,F,Ideal,SI1,324
264,0.23,F,Ideal,SI1,307
265,0.23,F,Ideal,SI1,303
266,0.23,F,Ideal,SI1,324
267,0.23,F,Ideal,SI1,330
268,0.23,F,Very Good,SI1,355
269,0.23,F,Very Good,SI1,360
270,0.23,G,Ideal,SI1,346
271,0.23,G,Ideal,SI1,312
272,0.23,G,Ideal,SI1,315
273,0.23,G,Ideal,SI1,340
274,0.23,G,Ideal,SI1,357
275,0.23,G,Ideal,SI1,343
276,0.23,G,Ideal,SI1,352
277,0.23,G,Ideal,SI1,411
278,0.23,G,Very Good,SI1,340
279,0.23,G,Very Good,SI1,335
280,0.23,H,Ideal,SI1,312
281,0.23,H,Ideal,SI1,313
282,0.23,H,Ideal,SI1,302
283,0.23,H,Ideal,SI1,308
284,0.23,H,Ideal,SI1,334
285,0.23,H,Very Good,SI1,360
286,0.23,I,Very Good,SI1,345
287,0.23,I,Very Good,SI1,374
288,0.23,J,Good,SI1,315
289,0.23,D,Good,SI2,309
290,0.23,D,Ideal,SI2,341
291,0.23,D,Ideal,SI2,344
292,0.23,E,Ideal,SI2,307
293,0.23,E,Ideal,SI2,332
294,0.23,E,Ideal,SI2,351
295,0.23,E,Ideal,SI2,343
296,0.23,E,Very Good,SI2,312
297,0.23,E,Very Good,SI2,312
298,0.23,E,Very Good,SI2,312
299,0.23,F,Ideal,SI2,343
300,0.23,F,Ideal,SI2,338
301,0.23,G,Very Good,SI2,313
302,0.23,D,Good,VS1,414
303,0.23,D,Ideal,VS1,501
304,0.23,D,Ideal,VS1,405
305,0.23,D,Ideal,VS1,514
306,0.23,D,Ideal,VS1,514
307,0.23,D,Ideal,VS1,514
308,0.23,D,Ideal,VS1,514
309,0.23,D,Ideal,VS1,514
310,0.23,D,Ideal,VS1,401
311,0.23,D,Ideal,VS1,403
312,0.23,D,Ideal,VS1,405
313,0.23,D,Ideal,VS1,403
314,0.23,D,Ideal,VS1,400
315,0.23,D,Ideal,VS1,444
316,0.23,D,Ideal,VS1,441
317,0.23,D,Ideal,VS1,440
318,0.23,D,Ideal,VS1,410
319,0.23,D,Ideal,VS1,445
320,0.23,D,Ideal,VS1,460
321,0.23,D,Ideal,VS1,439
322,0.23,D,Ideal,VS1,444
323,0.23,D,Ideal,VS1,443
324,0.23,D,Ideal,VS1,404
325,0.23,D,Ideal,VS1,440
326,0.23,D,Ideal,VS1,456
327,0.23,D,Ideal,VS1,372
328,0.23,D,Ideal,VS1,426
329,0.23,D,Ideal,VS1,378
330,0.23,D,Ideal,VS1,453
331,0.23,D,Ideal,VS1,460
332,0.23,D,Ideal,VS1,398
333,0.23,D,Ideal,VS1,423
334,0.23,D,Ideal,VS1,444
335,0.23,D,Ideal,VS1,402
336,0.23,D,Ideal,VS1,477
337,0.23,D,Ideal,VS1,496
338,0.23,D,Ideal,VS1,467
339,0.23,D,Ideal,VS1,472
340,0.23,D,Ideal,VS1,487
341,0.23,D,Ideal,VS1,510
342,0.23,D,Ideal,VS1,463
343,0.23,D,Ideal,VS1,463
344,0.23,D,Ideal,VS1,469
345,0.23,D,Ideal,VS1,496
346,0.23,D,Ideal,VS1,469
347,0.23,D,Ideal,VS1,482
348,0.23,D,Ideal,VS1,484
349,0.23,D,Ideal,VS1,468
350,0.23,D,Ideal,VS1,487
351,0.23,D,Ideal,VS1,520
352,0.23,D,Ideal,VS1,466
353,0.23,D,Ideal,VS1,466
354,0.23,D,Very Good,VS1,469
355,0.23,D,Very Good,VS1,410
356,0.23,D,Very Good,VS1,410
357,0.23,D,Very Good,VS1,507
358,0.23,D,Very Good,VS1,420
359,0.23,D,Very Good,VS1,405
360,0.23,D,Very Good,VS1,418
361,0.23,D,Very Good,VS1,425
362,0.23,D,Very Good,VS1,444
363,0.23,D,Very Good,VS1,444
364,0.23,D,Very Good,VS1,444
365,0.23,D,Very Good,VS1,444
366,0.23,E,Ideal,VS1,401
367,0.23,E,Ideal,VS1,389
368,0.23,E,Ideal,VS1,486
369,0.23,E,Ideal,VS1,486
370,0.23,E,Ideal,VS1,486
371,0.23,E,Ideal,VS1,486
372,0.23,E,Ideal,VS1,463
373,0.23,E,Ideal,VS1,463
374,0.23,E,Ideal,VS1,486
375,0.23,E,Ideal,VS1,486
376,0.23,E,Ideal,VS1,486
377,0.23,E,Ideal,VS1,486
378,0.23,E,Ideal,VS1,486
379,0.23,E,Ideal,VS1,486
380,0.23,E,Ideal,VS1,455
381,0.23,E,Ideal,VS1,424
382,0.23,E,Ideal,VS1,380
383,0.23,E,Ideal,VS1,426
384,0.23,E,Ideal,VS1,404
385,0.23,E,Ideal,VS1,409
386,0.23,E,Ideal,VS1,391
387,0.23,E,Ideal,VS1,396
388,0.23,E,Ideal,VS1,409
389,0.23,E,Ideal,VS1,412
390,0.23,E,Ideal,VS1,395
391,0.23,E,Ideal,VS1,432
392,0.23,E,Ideal,VS1,419
393,0.23,E,Ideal,VS1,390
394,0.23,E,Ideal,VS1,407
395,0.23,E,Ideal,VS1,426
396,0.23,E,Ideal,VS1,426
397,0.23,E,Ideal,VS1,426
398,0.23,E,Ideal,VS1,392
399,0.23,E,Ideal,VS1,396
400,0.23,E,Ideal,VS1,376
401,0.23,E,Ideal,VS1,382
402,0.23,E,Ideal,VS1,398
403,0.23,E,Ideal,VS1,396
404,0.23,E,Ideal,VS1,366
405,0.23,E,Ideal,VS1,396
406,0.23,E,Ideal,VS1,390
407,0.23,E,Ideal,VS1,364
408,0.23,E,Ideal,VS1,358
409,0.23,E,Ideal,VS1,376
410,0.23,E,Ideal,VS1,552
411,0.23,E,Ideal,VS1,438
412,0.23,E,Ideal,VS1,377
413,0.23,E,Ideal,VS1,359
414,0.23,E,Ideal,VS1,395
415,0.23,E,Ideal,VS1,382
416,0.23,E,Ideal,VS1,426
417,0.23,E,Ideal,VS1,466
418,0.23,E,Ideal,VS1,468
419,0.23,E,Ideal,VS1,487
420,0.23,E,Ideal,VS1,533
421,0.23,E,Very Good,VS1,385
422,0.23,E,Very Good,VS1,493
423,0.23,E,Very Good,VS1,367
424,0.23,E,Very Good,VS1,388
425,0.23,E,Very Good,VS1,423
426,0.23,E,Very Good,VS1,415
427,0.23,E,Very Good,VS1,415
428,0.23,E,Very Good,VS1,415
429,0.23,F,Astor Ideal,VS1,584
430,0.23,F,Astor Ideal,VS1,565
431,0.23,F,Good,VS1,470
432,0.23,F,Ideal,VS1,419
433,0.23,F,Ideal,VS1,407
434,0.23,F,Ideal,VS1,436
435,0.23,F,Ideal,VS1,424
436,0.23,F,Ideal,VS1,380
437,0.23,F,Ideal,VS1,380
438,0.23,F,Ideal,VS1,401
439,0.23,F,Ideal,VS1,467
440,0.23,F,Ideal,VS1,468
441,0.23,F,Ideal,VS1,468
442,0.23,F,Ideal,VS1,468
443,0.23,F,Ideal,VS1,468
444,0.23,F,Ideal,VS1,467
445,0.23,F,Ideal,VS1,467
446,0.23,F,Ideal,VS1,468
447,0.23,F,Ideal,VS1,467
448,0.23,F,Ideal,VS1,468
449,0.23,F,Ideal,VS1,468
450,0.23,F,Ideal,VS1,468
451,0.23,F,Ideal,VS1,468
452,0.23,F,Ideal,VS1,467
453,0.23,F,Ideal,VS1,468
454,0.23,F,Ideal,VS1,467
455,0.23,F,Ideal,VS1,468
456,0.23,F,Ideal,VS1,468
457,0.23,F,Ideal,VS1,468
458,0.23,F,Ideal,VS1,467
459,0.23,F,Ideal,VS1,467
460,0.23,F,Ideal,VS1,467
461,0.23,F,Ideal,VS1,468
462,0.23,F,Ideal,VS1,468
463,0.23,F,Ideal,VS1,468
464,0.23,F,Ideal,VS1,467
465,0.23,F,Ideal,VS1,467
466,0.23,F,Ideal,VS1,468
467,0.23,F,Ideal,VS1,467
468,0.23,F,Ideal,VS1,467
469,0.23,F,Ideal,VS1,468
470,0.23,F,Ideal,VS1,468
471,0.23,F,Ideal,VS1,467
472,0.23,F,Ideal,VS1,467
473,0.23,F,Ideal,VS1,468
474,0.23,F,Ideal,VS1,468
475,0.23,F,Ideal,VS1,468
476,0.23,F,Ideal,VS1,467
477,0.23,F,Ideal,VS1,468
478,0.23,F,Ideal,VS1,467
479,0.23,F,Ideal,VS1,468
480,0.23,F,Ideal,VS1,467
481,0.23,F,Ideal,VS1,468
482,0.23,F,Ideal,VS1,468
483,0.23,F,Ideal,VS1,468
484,0.23,F,Ideal,VS1,467
485,0.23,F,Ideal,VS1,467
486,0.23,F,Ideal,VS1,467
487,0.23,F,Ideal,VS1,467
488,0.23,F,Ideal,VS1,467
489,0.23,F,Ideal,VS1,467
490,0.23,F,Ideal,VS1,467
491,0.23,F,Ideal,VS1,385
492,0.23,F,Ideal,VS1,428
493,0.23,F,Ideal,VS1,397
494,0.23,F,Ideal,VS1,438
495,0.23,F,Ideal,VS1,410
496,0.23,F,Ideal,VS1,436
497,0.23,F,Ideal,VS1,438
498,0.23,F,Ideal,VS1,434
499,0.23,F,Ideal,VS1,453
500,0.23,F,Ideal,VS1,359
501,0.23,F,Ideal,VS1,431
502,0.23,F,Ideal,VS1,369
503,0.23,F,Ideal,VS1,397
504,0.23,F,Ideal,VS1,437
505,0.23,F,Ideal,VS1,446
506,0.23,F,Ideal,VS1,406
507,0.23,F,Ideal,VS1,406
508,0.23,F,Ideal,VS1,378
509,0.23,F,Ideal,VS1,446
510,0.23,F,Ideal,VS1,378
511,0.23,F,Ideal,VS1,412
512,0.23,F,Ideal,VS1,444
513,0.23,F,Ideal,VS1,432
514,0.23,F,Ideal,VS1,378
515,0.23,F,Ideal,VS1,406
516,0.23,F,Ideal,VS1,377
517,0.23,F,Ideal,VS1,444
518,0.23,F,Ideal,VS1,387
519,0.23,F,Ideal,VS1,444
520,0.23,F,Ideal,VS1,404
521,0.23,F,Ideal,VS1,378
522,0.23,F,Ideal,VS1,406
523,0.23,F,Ideal,VS1,438
524,0.23,F,Ideal,VS1,406
525,0.23,F,Ideal,VS1,378
526,0.23,F,Ideal,VS1,528
527,0.23,F,Ideal,VS1,378
528,0.23,F,Ideal,VS1,377
529,0.23,F,Ideal,VS1,390
530,0.23,F,Ideal,VS1,351
531,0.23,F,Ideal,VS1,374
532,0.23,F,Ideal,VS1,528
533,0.23,F,Ideal,VS1,374
534,0.23,F,Ideal,VS1,381
535,0.23,F,Ideal,VS1,501
536,0.23,F,Very Good,VS1,329
537,0.23,F,Very Good,VS1,444
538,0.23,F,Very Good,VS1,376
539,0.23,F,Very Good,VS1,369
540,0.23,F,Very Good,VS1,442
541,0.23,F,Very Good,VS1,428
542,0.23,F,Very Good,VS1,447
543,0.23,F,Very Good,VS1,405
544,0.23,F,Very Good,VS1,420
545,0.23,F,Ideal,VS1,444
546,0.23,G,Good,VS1,406
547,0.23,G,Good,VS1,386
548,0.23,G,Ideal,VS1,479
549,0.23,G,Ideal,VS1,479
550,0.23,G,Ideal,VS1,479
551,0.23,G,Ideal,VS1,479
552,0.23,G,Ideal,VS1,479
553,0.23,G,Ideal,VS1,479
554,0.23,G,Ideal,VS1,479
555,0.23,G,Ideal,VS1,382
556,0.23,G,Ideal,VS1,376
557,0.23,G,Ideal,VS1,384
558,0.23,G,Ideal,VS1,414
559,0.23,G,Ideal,VS1,416
560,0.23,G,Ideal,VS1,419
561,0.23,G,Ideal,VS1,406
562,0.23,G,Ideal,VS1,350
563,0.23,G,Ideal,VS1,367
564,0.23,G,Ideal,VS1,371
565,0.23,G,Very Good,VS1,439
566,0.23,G,Very Good,VS1,406
567,0.23,G,Very Good,VS1,394
568,0.23,G,Very Good,VS1,391
569,0.23,H,Ideal,VS1,338
570,0.23,H,Ideal,VS1,346
571,0.23,H,Ideal,VS1,365
572,0.23,H,Ideal,VS1,349
573,0.23,H,Ideal,VS1,414
574,0.23,H,Ideal,VS1,394
575,0.23,H,Ideal,VS1,372
576,0.23,H,Ideal,VS1,316
577,0.23,H,Very Good,VS1,346
578,0.23,H,Very Good,VS1,335
579,0.23,H,Very Good,VS1,391
580,0.23,H,Very Good,VS1,398
581,0.23,H,Very Good,VS1,342
582,0.23,I,Good,VS1,318
583,0.23,I,Ideal,VS1,424
584,0.23,I,Ideal,VS1,424
585,0.23,I,Ideal,VS1,352
586,0.23,I,Ideal,VS1,341
587,0.23,I,Ideal,VS1,340
588,0.23,J,Astor Ideal,VS1,463
589,0.23,J,Very Good,VS1,307
590,0.23,J,Very Good,VS1,326
591,0.23,D,Astor Ideal,VS2,583
592,0.23,D,Good,VS2,400
593,0.23,D,Ideal,VS2,514
594,0.23,D,Ideal,VS2,514
595,0.23,D,Ideal,VS2,499
596,0.23,D,Ideal,VS2,463
597,0.23,D,Ideal,VS2,499
598,0.23,D,Ideal,VS2,499
599,0.23,D,Ideal,VS2,484
600,0.23,D,Ideal,VS2,380
601,0.23,D,Ideal,VS2,394
602,0.23,D,Ideal,VS2,419
603,0.23,D,Ideal,VS2,416
604,0.23,D,Ideal,VS2,428
605,0.23,D,Ideal,VS2,371
606,0.23,D,Ideal,VS2,387
607,0.23,D,Ideal,VS2,377
608,0.23,D,Ideal,VS2,398
609,0.23,D,Ideal,VS2,377
610,0.23,D,Ideal,VS2,393
611,0.23,D,Ideal,VS2,360
612,0.23,D,Ideal,VS2,456
613,0.23,D,Ideal,VS2,438
614,0.23,D,Ideal,VS2,380
615,0.23,D,Ideal,VS2,374
616,0.23,D,Ideal,VS2,415
617,0.23,D,Ideal,VS2,400
618,0.23,D,Ideal,VS2,416
619,0.23,D,Ideal,VS2,439
620,0.23,D,Ideal,VS2,406
621,0.23,D,Ideal,VS2,399
622,0.23,D,Ideal,VS2,400
623,0.23,D,Ideal,VS2,399
624,0.23,D,Ideal,VS2,374
625,0.23,D,Ideal,VS2,434
626,0.23,D,Ideal,VS2,375
627,0.23,D,Ideal,VS2,359
628,0.23,D,Ideal,VS2,388
629,0.23,D,Ideal,VS2,397
630,0.23,D,Ideal,VS2,432
631,0.23,D,Ideal,VS2,426
632,0.23,D,Ideal,VS2,371
633,0.23,D,Ideal,VS2,360
634,0.23,D,Ideal,VS2,416
635,0.23,D,Ideal,VS2,410
636,0.23,D,Ideal,VS2,395
637,0.23,D,Ideal,VS2,390
638,0.23,D,Ideal,VS2,428
639,0.23,D,Ideal,VS2,348
640,0.23,D,Ideal,VS2,439
641,0.23,D,Ideal,VS2,438
642,0.23,D,Ideal,VS2,365
643,0.23,D,Ideal,VS2,371
644,0.23,D,Ideal,VS2,372
645,0.23,D,Ideal,VS2,391
646,0.23,D,Ideal,VS2,397
647,0.23,D,Ideal,VS2,487
648,0.23,D,Ideal,VS2,496
649,0.23,D,Very Good,VS2,404
650,0.23,D,Very Good,VS2,470
651,0.23,D,Very Good,VS2,477
652,0.23,D,Very Good,VS2,378
653,0.23,D,Very Good,VS2,432
654,0.23,D,Very Good,VS2,432
655,0.23,D,Very Good,VS2,429
656,0.23,D,Very Good,VS2,429
657,0.23,D,Very Good,VS2,412
658,0.23,D,Very Good,VS2,432
659,0.23,D,Very Good,VS2,420
660,0.23,D,Very Good,VS2,415
661,0.23,D,Very Good,VS2,415
662,0.23,D,Very Good,VS2,415
663,0.23,D,Very Good,VS2,421
664,0.23,D,Very Good,VS2,415
665,0.23,D,Very Good,VS2,415
666,0.23,E,Astor Ideal,VS2,542
667,0.23,E,Good,VS2,400
668,0.23,E,Ideal,VS2,376
669,0.23,E,Ideal,VS2,376
670,0.23,E,Ideal,VS2,422
671,0.23,E,Ideal,VS2,407
672,0.23,E,Ideal,VS2,422
673,0.23,E,Ideal,VS2,422
674,0.23,E,Ideal,VS2,422
675,0.23,E,Ideal,VS2,422
676,0.23,E,Ideal,VS2,422
677,0.23,E,Ideal,VS2,389
678,0.23,E,Ideal,VS2,448
679,0.23,E,Ideal,VS2,380
680,0.23,E,Ideal,VS2,448
681,0.23,E,Ideal,VS2,448
682,0.23,E,Ideal,VS2,448
683,0.23,E,Ideal,VS2,448
684,0.23,E,Ideal,VS2,448
685,0.23,E,Ideal,VS2,448
686,0.23,E,Ideal,VS2,448
687,0.23,E,Ideal,VS2,448
688,0.23,E,Ideal,VS2,448
689,0.23,E,Ideal,VS2,448
690,0.23,E,Ideal,VS2,391
691,0.23,E,Ideal,VS2,463
692,0.23,E,Ideal,VS2,463
693,0.23,E,Ideal,VS2,477
694,0.23,E,Ideal,VS2,463
695,0.23,E,Ideal,VS2,425
696,0.23,E,Ideal,VS2,391
697,0.23,E,Ideal,VS2,373
698,0.23,E,Ideal,VS2,389
699,0.23,E,Ideal,VS2,403
700,0.23,E,Ideal,VS2,401
701,0.23,E,Ideal,VS2,385
702,0.23,E,Ideal,VS2,384
703,0.23,E,Ideal,VS2,382
704,0.23,E,Ideal,VS2,371
705,0.23,E,Ideal,VS2,403
706,0.23,E,Ideal,VS2,374
707,0.23,E,Ideal,VS2,395
708,0.23,E,Ideal,VS2,373
709,0.23,E,Ideal,VS2,412
710,0.23,E,Ideal,VS2,378
711,0.23,E,Ideal,VS2,363
712,0.23,E,Ideal,VS2,391
713,0.23,E,Ideal,VS2,371
714,0.23,E,Ideal,VS2,371
715,0.23,E,Ideal,VS2,396
716,0.23,E,Ideal,VS2,398
717,0.23,E,Ideal,VS2,422
718,0.23,E,Ideal,VS2,394
719,0.23,E,Ideal,VS2,360
720,0.23,E,Ideal,VS2,396
721,0.23,E,Ideal,VS2,400
722,0.23,E,Ideal,VS2,398
723,0.23,E,Ideal,VS2,371
724,0.23,E,Ideal,VS2,398
725,0.23,E,Ideal,VS2,407
726,0.23,E,Ideal,VS2,436
727,0.23,E,Ideal,VS2,391
728,0.23,E,Ideal,VS2,386
729,0.23,E,Ideal,VS2,378
730,0.23,E,Ideal,VS2,424
731,0.23,E,Ideal,VS2,394
732,0.23,E,Ideal,VS2,430
733,0.23,E,Ideal,VS2,434
734,0.23,E,Ideal,VS2,434
735,0.23,E,Ideal,VS2,434
736,0.23,E,Ideal,VS2,367
737,0.23,E,Ideal,VS2,412
738,0.23,E,Ideal,VS2,378
739,0.23,E,Ideal,VS2,407
740,0.23,E,Ideal,VS2,368
741,0.23,E,Ideal,VS2,421
742,0.23,E,Ideal,VS2,372
743,0.23,E,Ideal,VS2,369
744,0.23,E,Ideal,VS2,372
745,0.23,E,Ideal,VS2,402
746,0.23,E,Ideal,VS2,370
747,0.23,E,Ideal,VS2,360
748,0.23,E,Ideal,VS2,396
749,0.23,E,Ideal,VS2,393
750,0.23,E,Ideal,VS2,421
751,0.23,E,Ideal,VS2,378
752,0.23,E,Ideal,VS2,346
753,0.23,E,Ideal,VS2,371
754,0.23,E,Ideal,VS2,378
755,0.23,E,Ideal,VS2,399
756,0.23,E,Ideal,VS2,396
757,0.23,E,Ideal,VS2,374
758,0.23,E,Ideal,VS2,378
759,0.23,E,Ideal,VS2,399
760,0.23,E,Ideal,VS2,434
761,0.23,E,Ideal,VS2,389
762,0.23,E,Ideal,VS2,374
763,0.23,E,Ideal,VS2,372
764,0.23,E,Ideal,VS2,371
765,0.23,E,Ideal,VS2,528
766,0.23,E,Ideal,VS2,367
767,0.23,E,Ideal,VS2,390
768,0.23,E,Ideal,VS2,356
769,0.23,E,Ideal,VS2,400
770,0.23,E,Ideal,VS2,399
771,0.23,E,Ideal,VS2,391
772,0.23,E,Ideal,VS2,396
773,0.23,E,Ideal,VS2,407
774,0.23,E,Ideal,VS2,407
775,0.23,E,Ideal,VS2,510
776,0.23,E,Ideal,VS2,491
777,0.23,E,Very Good,VS2,477
778,0.23,E,Very Good,VS2,477
779,0.23,E,Very Good,VS2,401
780,0.23,E,Very Good,VS2,395
781,0.23,E,Very Good,VS2,395
782,0.23,E,Very Good,VS2,470
783,0.23,E,Very Good,VS2,470
784,0.23,E,Very Good,VS2,414
785,0.23,E,Very Good,VS2,423
786,0.23,E,Very Good,VS2,423
787,0.23,E,Very Good,VS2,428
788,0.23,E,Very Good,VS2,423
789,0.23,E,Very Good,VS2,423
790,0.23,E,Very Good,VS2,423
791,0.23,E,Very Good,VS2,423
792,0.23,E,Very Good,VS2,415
793,0.23,E,Very Good,VS2,415
794,0.23,E,Very Good,VS2,415
795,0.23,E,Very Good,VS2,413
796,0.23,E,Very Good,VS2,419
797,0.23,F,Astor Ideal,VS2,559
798,0.23,F,Good,VS2,423
799,0.23,F,Ideal,VS2,403
800,0.23,F,Ideal,VS2,397
801,0.23,F,Ideal,VS2,403
802,0.23,F,Ideal,VS2,412
803,0.23,F,Ideal,VS2,412
804,0.23,F,Ideal,VS2,412
805,0.23,F,Ideal,VS2,412
806,0.23,F,Ideal,VS2,403
807,0.23,F,Ideal,VS2,397
808,0.23,F,Ideal,VS2,412
809,0.23,F,Ideal,VS2,397
810,0.23,F,Ideal,VS2,397
811,0.23,F,Ideal,VS2,396
812,0.23,F,Ideal,VS2,445
813,0.23,F,Ideal,VS2,445
814,0.23,F,Ideal,VS2,396
815,0.23,F,Ideal,VS2,445
816,0.23,F,Ideal,VS2,445
817,0.23,F,Ideal,VS2,445
818,0.23,F,Ideal,VS2,361
819,0.23,F,Ideal,VS2,445
820,0.23,F,Ideal,VS2,459
821,0.23,F,Ideal,VS2,463
822,0.23,F,Ideal,VS2,463
823,0.23,F,Ideal,VS2,389
824,0.23,F,Ideal,VS2,398
825,0.23,F,Ideal,VS2,365
826,0.23,F,Ideal,VS2,384
827,0.23,F,Ideal,VS2,377
828,0.23,F,Ideal,VS2,401
829,0.23,F,Ideal,VS2,377
830,0.23,F,Ideal,VS2,444
831,0.23,F,Ideal,VS2,383
832,0.23,F,Ideal,VS2,383
833,0.23,F,Ideal,VS2,364
834,0.23,F,Ideal,VS2,359
835,0.23,F,Ideal,VS2,414
836,0.23,F,Ideal,VS2,380
837,0.23,F,Ideal,VS2,380
838,0.23,F,Ideal,VS2,366
839,0.23,F,Ideal,VS2,424
840,0.23,F,Ideal,VS2,400
841,0.23,F,Ideal,VS2,400
842,0.23,F,Ideal,VS2,381
843,0.23,F,Ideal,VS2,389
844,0.23,F,Ideal,VS2,386
845,0.23,F,Ideal,VS2,392
846,0.23,F,Ideal,VS2,354
847,0.23,F,Ideal,VS2,409
848,0.23,F,Ideal,VS2,528
849,0.23,F,Ideal,VS2,382
850,0.23,F,Ideal,VS2,364
851,0.23,F,Ideal,VS2,389
852,0.23,F,Ideal,VS2,380
853,0.23,F,Ideal,VS2,389
854,0.23,F,Ideal,VS2,380
855,0.23,F,Ideal,VS2,439
856,0.23,F,Ideal,VS2,392
857,0.23,F,Ideal,VS2,429
858,0.23,F,Ideal,VS2,382
859,0.23,F,Ideal,VS2,382
860,0.23,F,Ideal,VS2,356
861,0.23,F,Ideal,VS2,408
862,0.23,F,Ideal,VS2,380
863,0.23,F,Ideal,VS2,384
864,0.23,F,Ideal,VS2,400
865,0.23,F,Ideal,VS2,408
866,0.23,F,Ideal,VS2,380
867,0.23,F,Ideal,VS2,468
868,0.23,F,Very Good,VS2,395
869,0.23,F,Very Good,VS2,395
870,0.23,F,Very Good,VS2,385
871,0.23,F,Very Good,VS2,470
872,0.23,F,Very Good,VS2,439
873,0.23,F,Very Good,VS2,357
874,0.23,F,Very Good,VS2,444
875,0.23,F,Very Good,VS2,353
876,0.23,F,Very Good,VS2,432
877,0.23,F,Very Good,VS2,413
878,0.23,F,Very Good,VS2,413
879,0.23,F,Ideal,VS2,387
880,0.23,G,Astor Ideal,VS2,501
881,0.23,G,Ideal,VS2,412
882,0.23,G,Ideal,VS2,403
883,0.23,G,Ideal,VS2,403
884,0.23,G,Ideal,VS2,412
885,0.23,G,Ideal,VS2,409
886,0.23,G,Ideal,VS2,443
887,0.23,G,Ideal,VS2,443
888,0.23,G,Ideal,VS2,415
889,0.23,G,Ideal,VS2,443
890,0.23,G,Ideal,VS2,443
891,0.23,G,Ideal,VS2,443
892,0.23,G,Ideal,VS2,443
893,0.23,G,Ideal,VS2,368
894,0.23,G,Ideal,VS2,354
895,0.23,G,Ideal,VS2,352
896,0.23,G,Ideal,VS2,419
897,0.23,G,Ideal,VS2,366
898,0.23,G,Ideal,VS2,346
899,0.23,G,Ideal,VS2,417
900,0.23,G,Ideal,VS2,421
901,0.23,G,Ideal,VS2,356
902,0.23,G,Ideal,VS2,352
903,0.23,G,Ideal,VS2,366
904,0.23,G,Ideal,VS2,354
905,0.23,G,Ideal,VS2,404
906,0.23,G,Ideal,VS2,353
907,0.23,G,Ideal,VS2,353
908,0.23,G,Ideal,VS2,339
909,0.23,G,Ideal,VS2,417
910,0.23,G,Ideal,VS2,390
911,0.23,G,Ideal,VS2,382
912,0.23,G,Ideal,VS2,366
913,0.23,G,Ideal,VS2,352
914,0.23,G,Very Good,VS2,386
915,0.23,G,Very Good,VS2,377
916,0.23,G,Very Good,VS2,375
917,0.23,G,Very Good,VS2,386
918,0.23,G,Very Good,VS2,383
919,0.23,H,Astor Ideal,VS2,515
920,0.23,H,Good,VS2,341
921,0.23,H,Good,VS2,418
922,0.23,H,Good,VS2,324
923,0.23,H,Good,VS2,341
924,0.23,H,Ideal,VS2,450
925,0.23,H,Ideal,VS2,443
926,0.23,H,Ideal,VS2,412
927,0.23,H,Ideal,VS2,443
928,0.23,H,Ideal,VS2,443
929,0.23,H,Ideal,VS2,353
930,0.23,H,Ideal,VS2,350
931,0.23,H,Ideal,VS2,333
932,0.23,H,Ideal,VS2,313
933,0.23,H,Ideal,VS2,338
934,0.23,H,Ideal,VS2,325
935,0.23,I,Astor Ideal,VS2,441
936,0.23,I,Ideal,VS2,407
937,0.23,I,Ideal,VS2,322
938,0.23,I,Ideal,VS2,333
939,0.23,I,Ideal,VS2,314
940,0.23,I,Ideal,VS2,337
941,0.23,I,Ideal,VS2,321
942,0.23,I,Ideal,VS2,376
943,0.23,I,Ideal,VS2,315
944,0.23,I,Ideal,VS2,341
945,0.23,J,Good,VS2,320
946,0.23,D,Good,VVS1,486
947,0.23,D,Good,VVS1,461
948,0.23,D,Ideal,VVS1,502
949,0.23,D,Ideal,VVS1,486
950,0.23,D,Ideal,VVS1,496
951,0.23,D,Ideal,VVS1,486
952,0.23,D,Ideal,VVS1,486
953,0.23,D,Ideal,VVS1,486
954,0.23,D,Ideal,VVS1,486
955,0.23,D,Ideal,VVS1,486
956,0.23,D,Ideal,VVS1,502
957,0.23,D,Ideal,VVS1,502
958,0.23,D,Ideal,VVS1,486
959,0.23,D,Ideal,VVS1,435
960,0.23,D,Ideal,VVS1,441
961,0.23,D,Ideal,VVS1,447
962,0.23,D,Ideal,VVS1,442
963,0.23,D,Ideal,VVS1,442
964,0.23,D,Ideal,VVS1,478
965,0.23,D,Ideal,VVS1,595
966,0.23,D,Ideal,VVS1,536
967,0.23,D,Ideal,VVS1,554
968,0.23,D,Ideal,VVS1,502
969,0.23,D,Ideal,VVS1,525
970,0.23,D,Ideal,VVS1,478
971,0.23,D,Ideal,VVS1,585
972,0.23,D,Ideal,VVS1,502
973,0.23,D,Ideal,VVS1,483
974,0.23,D,Ideal,VVS1,595
975,0.23,D,Ideal,VVS1,462
976,0.23,D,Ideal,VVS1,526
977,0.23,D,Ideal,VVS1,604
978,0.23,D,Ideal,VVS1,549
979,0.23,D,Ideal,VVS1,515
980,0.23,D,Ideal,VVS1,547
981,0.23,D,Ideal,VVS1,531
982,0.23,D,Ideal,VVS1,450
983,0.23,D,Ideal,VVS1,559
984,0.23,D,Ideal,VVS1,512
985,0.23,D,Ideal,VVS1,510
986,0.23,D,Ideal,VVS1,520
987,0.23,D,Ideal,VVS1,531
988,0.23,D,Ideal,VVS1,512
989,0.23,D,Ideal,VVS1,468
990,0.23,D,Ideal,VVS1,527
991,0.23,D,Ideal,VVS1,536
992,0.23,D,Ideal,VVS1,450
993,0.23,D,Ideal,VVS1,566
994,0.23,D,Very Good,VVS1,461
995,0.23,D,Very Good,VVS1,494
996,0.23,D,Very Good,VVS1,494
997,0.23,D,Very Good,VVS1,508
998,0.23,E,Good,VVS1,487
